datetime,accx,accy,accz,gyrx,gyry,gyrz,magx,magy,magz
2023-11-18 14:00:45.000,-0.043701171875,0.033935546875,0.988037109375,-0.6561279296875,0.9307861328125,0.2899169921875,-6.8971916971917,12.8947496947497,-29.98778998779
2023-11-18 14:00:45.013,-0.0419921875,0.031982421875,0.983154296875,-0.6866455078125,0.91552734375,0.2593994140625,-6.8971916971917,12.8947496947497,-29.98778998779
2023-11-18 14:00:45.027,-0.04150390625,0.0341796875,0.981689453125,-0.701904296875,0.885009765625,0.2593994140625,-6.8971916971917,12.8947496947497,-29.98778998779
2023-11-18 14:00:45.040,-0.0439453125,0.03271484375,0.9833984375,-0.640869140625,1.03759765625,0.18310546875,-6.8971916971917,12.8947496947497,-29.98778998779
2023-11-18 14:00:45.053,-0.042724609375,0.0322265625,0.981689453125,-0.6561279296875,1.0528564453125,0.1678466796875,-6.8971916971917,12.8947496947497,-29.98778998779
2023-11-18 14:00:45.067,-0.04345703125,0.033935546875,0.980224609375,-0.6561279296875,0.9002685546875,0.2593994140625,-6.8971916971917,12.8947496947497,-29.98778998779
2023-11-18 14:00:45.080,-0.04052734375,0.03369140625,0.982177734375,-0.67138671875,0.8697509765625,0.3204345703125,-6.8971916971917,12.8947496947497,-29.98778998779
2023-11-18 14:00:45.093,-0.04345703125,0.034423828125,0.981201171875,-0.6103515625,0.9613037109375,0.3509521484375,-6.8971916971917,12.8947496947497,-29.98778998779
2023-11-18 14:00:45.107,-0.044677734375,0.034912109375,0.984619140625,-0.7171630859375,0.9765625,0.2288818359375,-6.8971916971917,12.8947496947497,-29.98778998779
2023-11-18 14:00:45.120,-0.04296875,0.032958984375,0.984375,-0.6103515625,0.9002685546875,0.2288818359375,-6.8971916971917,12.8947496947497,-29.98778998779
2023-11-18 14:00:45.133,-0.0439453125,0.035888671875,0.984619140625,-0.7476806640625,0.91552734375,0.2593994140625,-6.8971916971917,12.8947496947497,-29.98778998779
2023-11-18 14:00:45.147,-0.0419921875,0.03271484375,0.984375,-0.67138671875,0.9307861328125,0.244140625,-6.8971916971917,12.8947496947497,-29.98778998779
2023-11-18 14:00:45.160,-0.04345703125,0.035888671875,0.98291015625,-0.6866455078125,0.91552734375,0.213623046875,-6.8971916971917,12.8947496947497,-29.98778998779
2023-11-18 14:00:45.173,-0.044677734375,0.034912109375,0.98486328125,-0.67138671875,0.9765625,0.3204345703125,-6.8971916971917,12.8947496947497,-29.98778998779
2023-11-18 14:00:45.187,-0.0439453125,0.033447265625,0.982666015625,-0.7171630859375,0.9765625,0.2593994140625,-6.8971916971917,12.8947496947497,-29.98778998779
2023-11-18 14:00:45.200,-0.040283203125,0.03271484375,0.9814453125,-0.7171630859375,0.885009765625,0.1983642578125,-6.8971916971917,12.8947496947497,-29.98778998779
2023-11-18 14:00:45.213,-0.041748046875,0.032958984375,0.98486328125,-0.6561279296875,0.9765625,0.1983642578125,-6.8971916971917,12.8947496947497,-29.98778998779
2023-11-18 14:00:45.227,-0.04150390625,0.033203125,0.981201171875,-0.5950927734375,1.0833740234375,0.244140625,-6.8971916971917,12.8947496947497,-29.98778998779
2023-11-18 14:00:45.240,-0.041259765625,0.03369140625,0.984375,-0.6103515625,0.9307861328125,0.1983642578125,-6.74725274725275,10.6456654456654,-28.0385836385836
2023-11-18 14:00:45.253,-0.0400390625,0.03515625,0.9833984375,-0.6561279296875,0.91552734375,0.274658203125,-6.74725274725275,10.6456654456654,-28.0385836385836
2023-11-18 14:00:45.267,-0.04248046875,0.0341796875,0.98046875,-0.762939453125,0.9918212890625,0.2288818359375,-6.74725274725275,10.6456654456654,-28.0385836385836
2023-11-18 14:00:45.280,-0.041748046875,0.0361328125,0.982666015625,-0.7476806640625,0.9918212890625,0.1983642578125,-6.74725274725275,10.6456654456654,-28.0385836385836
2023-11-18 14:00:45.293,-0.043701171875,0.0322265625,0.984130859375,-0.7171630859375,0.946044921875,0.30517578125,-6.74725274725275,10.6456654456654,-28.0385836385836
2023-11-18 14:00:45.307,-0.04248046875,0.033203125,0.98583984375,-0.701904296875,0.9002685546875,0.244140625,-6.74725274725275,10.6456654456654,-28.0385836385836
2023-11-18 14:00:45.320,-0.042724609375,0.032958984375,0.9853515625,-0.6561279296875,0.9918212890625,0.396728515625,-6.74725274725275,10.6456654456654,-28.0385836385836
2023-11-18 14:00:45.333,-0.0400390625,0.0341796875,0.9833984375,-0.6866455078125,0.9765625,0.3204345703125,-6.74725274725275,10.6456654456654,-28.0385836385836
2023-11-18 14:00:45.347,-0.040283203125,0.03271484375,0.98193359375,-0.7171630859375,0.9307861328125,0.335693359375,-6.74725274725275,10.6456654456654,-28.0385836385836
2023-11-18 14:00:45.360,-0.04248046875,0.03369140625,0.98486328125,-0.6561279296875,0.9002685546875,0.1678466796875,-8.0967032967033,11.995115995116,-29.6879120879121
2023-11-18 14:00:45.373,-0.04443359375,0.03271484375,0.98388671875,-0.67138671875,0.9765625,0.274658203125,-8.0967032967033,11.995115995116,-29.6879120879121
2023-11-18 14:00:45.387,-0.043701171875,0.033203125,0.98486328125,-0.6561279296875,0.946044921875,0.18310546875,-8.0967032967033,11.995115995116,-29.6879120879121
2023-11-18 14:00:45.400,-0.041259765625,0.032470703125,0.981689453125,-0.6561279296875,1.0223388671875,0.274658203125,-8.0967032967033,11.995115995116,-29.6879120879121
2023-11-18 14:00:45.413,-0.043212890625,0.034423828125,0.986328125,-0.67138671875,0.9613037109375,0.274658203125,-8.0967032967033,11.995115995116,-29.6879120879121
2023-11-18 14:00:45.427,-0.04296875,0.032958984375,0.98779296875,-0.6561279296875,0.9613037109375,0.3204345703125,-8.0967032967033,11.995115995116,-29.6879120879121
2023-11-18 14:00:45.440,-0.04248046875,0.03369140625,0.982421875,-0.6561279296875,1.0223388671875,0.1678466796875,-8.0967032967033,11.995115995116,-29.6879120879121
2023-11-18 14:00:45.453,-0.042724609375,0.033447265625,0.98291015625,-0.640869140625,0.91552734375,0.213623046875,-8.0967032967033,11.995115995116,-29.6879120879121
2023-11-18 14:00:45.467,-0.04296875,0.03271484375,0.981689453125,-0.6256103515625,1.03759765625,0.213623046875,-8.0967032967033,11.995115995116,-29.6879120879121
2023-11-18 14:00:45.480,-0.04345703125,0.033935546875,0.98583984375,-0.701904296875,0.946044921875,0.2593994140625,-6.8971916971917,11.6952380952381,-28.4884004884005
2023-11-18 14:00:45.493,-0.04248046875,0.033935546875,0.984619140625,-0.701904296875,0.9002685546875,0.2593994140625,-6.8971916971917,11.6952380952381,-28.4884004884005
2023-11-18 14:00:45.507,-0.043701171875,0.0341796875,0.98583984375,-0.640869140625,0.9307861328125,0.2288818359375,-6.8971916971917,11.6952380952381,-28.4884004884005
2023-11-18 14:00:45.520,-0.04150390625,0.0341796875,0.985595703125,-0.640869140625,1.0528564453125,0.1983642578125,-6.8971916971917,11.6952380952381,-28.4884004884005
2023-11-18 14:00:45.533,-0.04052734375,0.032958984375,0.984130859375,-0.6256103515625,1.007080078125,0.2899169921875,-6.8971916971917,11.6952380952381,-28.4884004884005
2023-11-18 14:00:45.547,-0.0400390625,0.0341796875,0.985595703125,-0.6103515625,0.9613037109375,0.274658203125,-6.8971916971917,11.6952380952381,-28.4884004884005
2023-11-18 14:00:45.560,-0.04248046875,0.0361328125,0.98193359375,-0.6103515625,1.03759765625,0.2288818359375,-6.8971916971917,11.6952380952381,-28.4884004884005
2023-11-18 14:00:45.573,-0.04248046875,0.033935546875,0.981689453125,-0.6256103515625,0.946044921875,0.274658203125,-6.8971916971917,11.6952380952381,-28.4884004884005
2023-11-18 14:00:45.587,-0.04345703125,0.0361328125,0.9814453125,-0.6866455078125,0.9613037109375,0.30517578125,-6.8971916971917,11.6952380952381,-28.4884004884005
2023-11-18 14:00:45.600,-0.0419921875,0.03515625,0.9833984375,-0.5950927734375,1.0223388671875,0.18310546875,-8.24664224664225,12.1450549450549,-28.9382173382173
2023-11-18 14:00:45.613,-0.043212890625,0.034912109375,0.98583984375,-0.701904296875,0.9918212890625,0.2288818359375,-8.24664224664225,12.1450549450549,-28.9382173382173
2023-11-18 14:00:45.627,-0.04345703125,0.035400390625,0.984619140625,-0.6256103515625,0.9918212890625,0.244140625,-8.24664224664225,12.1450549450549,-28.9382173382173
2023-11-18 14:00:45.640,-0.043701171875,0.033447265625,0.984130859375,-0.7171630859375,0.91552734375,0.2288818359375,-8.24664224664225,12.1450549450549,-28.9382173382173
2023-11-18 14:00:45.653,-0.04345703125,0.03369140625,0.983154296875,-0.67138671875,0.9613037109375,0.2288818359375,-8.24664224664225,12.1450549450549,-28.9382173382173
2023-11-18 14:00:45.667,-0.041259765625,0.03271484375,0.983154296875,-0.6256103515625,0.9918212890625,0.244140625,-8.24664224664225,12.1450549450549,-28.9382173382173
2023-11-18 14:00:45.680,-0.04052734375,0.031982421875,0.98779296875,-0.6103515625,0.9307861328125,0.18310546875,-8.24664224664225,12.1450549450549,-28.9382173382173
2023-11-18 14:00:45.693,-0.043701171875,0.0341796875,0.98583984375,-0.6103515625,1.0223388671875,0.2288818359375,-8.24664224664225,12.1450549450549,-28.9382173382173
2023-11-18 14:00:45.707,-0.044189453125,0.0322265625,0.981689453125,-0.79345703125,0.946044921875,0.2288818359375,-8.24664224664225,12.1450549450549,-28.9382173382173
2023-11-18 14:00:45.720,-0.042236328125,0.031982421875,0.983642578125,-0.6561279296875,0.885009765625,0.274658203125,-7.4969474969475,12.2949938949939,-29.3880341880342
2023-11-18 14:00:45.733,-0.043212890625,0.0322265625,0.986572265625,-0.67138671875,0.885009765625,0.213623046875,-7.4969474969475,12.2949938949939,-29.3880341880342
2023-11-18 14:00:45.747,-0.043701171875,0.03271484375,0.98291015625,-0.701904296875,0.9765625,0.3204345703125,-7.4969474969475,12.2949938949939,-29.3880341880342
2023-11-18 14:00:45.760,-0.041748046875,0.033203125,0.983642578125,-0.6561279296875,0.9765625,0.2593994140625,-7.4969474969475,12.2949938949939,-29.3880341880342
2023-11-18 14:00:45.773,-0.04150390625,0.0341796875,0.985595703125,-0.6866455078125,0.9765625,0.274658203125,-7.4969474969475,12.2949938949939,-29.3880341880342
2023-11-18 14:00:45.787,-0.0419921875,0.033447265625,0.9814453125,-0.640869140625,0.91552734375,0.1983642578125,-7.4969474969475,12.2949938949939,-29.3880341880342
2023-11-18 14:00:45.800,-0.042724609375,0.03369140625,0.98486328125,-0.701904296875,0.9613037109375,0.2899169921875,-7.4969474969475,12.2949938949939,-29.3880341880342
2023-11-18 14:00:45.813,-0.0400390625,0.033203125,0.985595703125,-0.640869140625,1.03759765625,0.2899169921875,-7.4969474969475,12.2949938949939,-29.3880341880342
2023-11-18 14:00:45.827,-0.0390625,0.031982421875,0.98486328125,-0.6103515625,0.9765625,0.2288818359375,-7.4969474969475,12.2949938949939,-29.3880341880342
2023-11-18 14:00:45.840,-0.04443359375,0.033935546875,0.984375,-0.6561279296875,1.0223388671875,0.2288818359375,-7.1970695970696,12.2949938949939,-29.98778998779
2023-11-18 14:00:45.853,-0.04345703125,0.033447265625,0.984619140625,-0.701904296875,1.0986328125,0.244140625,-7.1970695970696,12.2949938949939,-29.98778998779
2023-11-18 14:00:45.867,-0.0439453125,0.031005859375,0.98193359375,-0.6561279296875,0.946044921875,0.213623046875,-7.1970695970696,12.2949938949939,-29.98778998779
2023-11-18 14:00:45.880,-0.0419921875,0.032958984375,0.9873046875,-0.67138671875,0.9002685546875,0.152587890625,-7.1970695970696,12.2949938949939,-29.98778998779
2023-11-18 14:00:45.893,-0.040283203125,0.032470703125,0.9833984375,-0.640869140625,0.9613037109375,0.2593994140625,-7.1970695970696,12.2949938949939,-29.98778998779
2023-11-18 14:00:45.907,-0.041748046875,0.031982421875,0.9814453125,-0.7171630859375,1.0223388671875,0.2593994140625,-7.1970695970696,12.2949938949939,-29.98778998779
2023-11-18 14:00:45.920,-0.0419921875,0.03173828125,0.983642578125,-0.6866455078125,0.9765625,0.274658203125,-7.1970695970696,12.2949938949939,-29.98778998779
2023-11-18 14:00:45.933,-0.043212890625,0.03466796875,0.983642578125,-0.6866455078125,1.0223388671875,0.213623046875,-7.1970695970696,12.2949938949939,-29.98778998779
2023-11-18 14:00:45.947,-0.0419921875,0.037109375,0.984375,-0.7476806640625,0.9613037109375,0.2288818359375,-7.1970695970696,12.2949938949939,-29.98778998779
2023-11-18 14:00:45.960,-0.04150390625,0.036865234375,0.981689453125,-0.7171630859375,1.0986328125,0.1983642578125,-7.1970695970696,12.2949938949939,-29.98778998779
2023-11-18 14:00:45.973,-0.041015625,0.032958984375,0.984130859375,-0.79345703125,0.9765625,0.18310546875,-6.8971916971917,12.5948717948718,-28.4884004884005
2023-11-18 14:00:45.987,-0.039794921875,0.03173828125,0.98291015625,-0.732421875,1.007080078125,0.213623046875,-6.8971916971917,12.5948717948718,-28.4884004884005
2023-11-18 14:00:46.000,-0.042236328125,0.031494140625,0.98486328125,-0.640869140625,0.9613037109375,0.213623046875,-6.8971916971917,12.5948717948718,-28.4884004884005
2023-11-18 14:00:46.013,-0.042236328125,0.031494140625,0.98486328125,-0.67138671875,0.9002685546875,0.2899169921875,-6.8971916971917,12.5948717948718,-28.4884004884005
2023-11-18 14:00:46.027,-0.042236328125,0.033935546875,0.985107421875,-0.640869140625,0.9613037109375,0.2593994140625,-6.8971916971917,12.5948717948718,-28.4884004884005
2023-11-18 14:00:46.040,-0.043212890625,0.033935546875,0.982666015625,-0.6256103515625,1.0528564453125,0.18310546875,-6.8971916971917,12.5948717948718,-28.4884004884005
2023-11-18 14:00:46.053,-0.043701171875,0.032958984375,0.9833984375,-0.6866455078125,0.9613037109375,0.18310546875,-6.8971916971917,12.5948717948718,-28.4884004884005
2023-11-18 14:00:46.067,-0.042724609375,0.03515625,0.981689453125,-0.640869140625,0.885009765625,0.2593994140625,-6.8971916971917,12.5948717948718,-28.4884004884005
2023-11-18 14:00:46.080,-0.04248046875,0.03271484375,0.982666015625,-0.5950927734375,0.9307861328125,0.1983642578125,-6.8971916971917,12.5948717948718,-28.4884004884005
2023-11-18 14:00:46.093,-0.0419921875,0.032470703125,0.982666015625,-0.6866455078125,0.946044921875,0.152587890625,-8.84639804639805,11.5452991452991,-29.2380952380952
2023-11-18 14:00:46.107,-0.042724609375,0.033935546875,0.98193359375,-0.67138671875,0.9765625,0.2593994140625,-8.84639804639805,11.5452991452991,-29.2380952380952
2023-11-18 14:00:46.120,-0.042724609375,0.031494140625,0.98193359375,-0.701904296875,0.9002685546875,0.2593994140625,-8.84639804639805,11.5452991452991,-29.2380952380952
2023-11-18 14:00:46.133,-0.04150390625,0.031982421875,0.9853515625,-0.7476806640625,0.9613037109375,0.1983642578125,-8.84639804639805,11.5452991452991,-29.2380952380952
2023-11-18 14:00:46.147,-0.042724609375,0.032470703125,0.9833984375,-0.7171630859375,1.0223388671875,0.244140625,-8.84639804639805,11.5452991452991,-29.2380952380952
2023-11-18 14:00:46.160,-0.042236328125,0.03369140625,0.98388671875,-0.6866455078125,0.9918212890625,0.244140625,-8.84639804639805,11.5452991452991,-29.2380952380952
2023-11-18 14:00:46.173,-0.041015625,0.03369140625,0.9833984375,-0.67138671875,0.91552734375,0.3509521484375,-8.84639804639805,11.5452991452991,-29.2380952380952
2023-11-18 14:00:46.187,-0.042236328125,0.032958984375,0.98193359375,-0.701904296875,0.946044921875,0.2899169921875,-8.84639804639805,11.5452991452991,-29.2380952380952
2023-11-18 14:00:46.200,-0.04443359375,0.032470703125,0.982421875,-0.6866455078125,0.9765625,0.3509521484375,-8.84639804639805,11.5452991452991,-29.2380952380952
2023-11-18 14:00:46.213,-0.04248046875,0.034912109375,0.9853515625,-0.67138671875,0.9765625,0.152587890625,-6.2974358974359,11.0954822954823,-29.6879120879121
2023-11-18 14:00:46.227,-0.04296875,0.035888671875,0.984619140625,-0.6103515625,0.91552734375,0.244140625,-6.2974358974359,11.0954822954823,-29.6879120879121
2023-11-18 14:00:46.240,-0.043701171875,0.032958984375,0.982666015625,-0.6866455078125,0.9002685546875,0.18310546875,-6.2974358974359,11.0954822954823,-29.6879120879121
2023-11-18 14:00:46.253,-0.042724609375,0.033447265625,0.98291015625,-0.67138671875,0.9613037109375,0.213623046875,-6.2974358974359,11.0954822954823,-29.6879120879121
2023-11-18 14:00:46.267,-0.042236328125,0.0341796875,0.981201171875,-0.6561279296875,0.91552734375,0.2288818359375,-6.2974358974359,11.0954822954823,-29.6879120879121
2023-11-18 14:00:46.280,-0.04248046875,0.0341796875,0.982421875,-0.6866455078125,0.9765625,0.274658203125,-6.2974358974359,11.0954822954823,-29.6879120879121
2023-11-18 14:00:46.293,-0.040771484375,0.035400390625,0.98779296875,-0.5645751953125,0.9613037109375,0.2288818359375,-6.2974358974359,11.0954822954823,-29.6879120879121
2023-11-18 14:00:46.307,-0.041748046875,0.03271484375,0.985107421875,-0.6103515625,0.9765625,0.2899169921875,-6.2974358974359,11.0954822954823,-29.6879120879121
2023-11-18 14:00:46.320,-0.041748046875,0.031982421875,0.9814453125,-0.640869140625,0.946044921875,0.274658203125,-6.2974358974359,11.0954822954823,-29.6879120879121
2023-11-18 14:00:46.333,-0.045654296875,0.033935546875,0.98291015625,-0.6103515625,1.03759765625,0.30517578125,-7.94676434676435,11.845177045177,-29.5379731379731
2023-11-18 14:00:46.347,-0.04296875,0.033935546875,0.9833984375,-0.67138671875,0.9002685546875,0.2593994140625,-7.94676434676435,11.845177045177,-29.5379731379731
2023-11-18 14:00:46.360,-0.042236328125,0.034423828125,0.983642578125,-0.732421875,0.9765625,0.274658203125,-7.94676434676435,11.845177045177,-29.5379731379731
2023-11-18 14:00:46.373,-0.043212890625,0.03369140625,0.98193359375,-0.6561279296875,0.946044921875,0.1983642578125,-7.94676434676435,11.845177045177,-29.5379731379731
2023-11-18 14:00:46.387,-0.04052734375,0.034423828125,0.98193359375,-0.6866455078125,0.9765625,0.3204345703125,-7.94676434676435,11.845177045177,-29.5379731379731
2023-11-18 14:00:46.400,-0.041748046875,0.03466796875,0.979736328125,-0.640869140625,0.9613037109375,0.2288818359375,-7.94676434676435,11.845177045177,-29.5379731379731
2023-11-18 14:00:46.413,-0.04296875,0.034423828125,0.9833984375,-0.67138671875,0.9918212890625,0.274658203125,-7.94676434676435,11.845177045177,-29.5379731379731
2023-11-18 14:00:46.427,-0.042236328125,0.0341796875,0.983154296875,-0.7781982421875,1.0223388671875,0.213623046875,-7.94676434676435,11.845177045177,-29.5379731379731
2023-11-18 14:00:46.440,-0.042236328125,0.03466796875,0.980224609375,-0.701904296875,0.9918212890625,0.244140625,-7.94676434676435,11.845177045177,-29.5379731379731
2023-11-18 14:00:46.453,-0.043701171875,0.032470703125,0.98193359375,-0.701904296875,1.0223388671875,0.2899169921875,-7.94676434676435,12.4449328449328,-29.2380952380952
2023-11-18 14:00:46.467,-0.041259765625,0.03173828125,0.984130859375,-0.6256103515625,0.9307861328125,0.1678466796875,-7.94676434676435,12.4449328449328,-29.2380952380952
2023-11-18 14:00:46.480,-0.0419921875,0.03369140625,0.984130859375,-0.6561279296875,0.9918212890625,0.274658203125,-7.94676434676435,12.4449328449328,-29.2380952380952
2023-11-18 14:00:46.493,-0.041259765625,0.032958984375,0.981201171875,-0.6256103515625,0.9002685546875,0.274658203125,-7.94676434676435,12.4449328449328,-29.2380952380952
2023-11-18 14:00:46.507,-0.044189453125,0.03369140625,0.98388671875,-0.6561279296875,0.946044921875,0.274658203125,-7.94676434676435,12.4449328449328,-29.2380952380952
2023-11-18 14:00:46.520,-0.0419921875,0.03466796875,0.984130859375,-0.7171630859375,0.946044921875,0.2288818359375,-7.94676434676435,12.4449328449328,-29.2380952380952
2023-11-18 14:00:46.533,-0.04345703125,0.03173828125,0.981689453125,-0.7781982421875,0.9307861328125,0.213623046875,-7.94676434676435,12.4449328449328,-29.2380952380952
2023-11-18 14:00:46.547,-0.04296875,0.034423828125,0.983642578125,-0.67138671875,0.9002685546875,0.18310546875,-7.94676434676435,12.4449328449328,-29.2380952380952
2023-11-18 14:00:46.560,-0.0419921875,0.035400390625,0.982666015625,-0.6866455078125,1.03759765625,0.2288818359375,-7.94676434676435,12.4449328449328,-29.2380952380952
2023-11-18 14:00:46.573,-0.04248046875,0.03271484375,0.9833984375,-0.6561279296875,1.03759765625,0.152587890625,-7.4969474969475,11.3953601953602,-28.4884004884005
2023-11-18 14:00:46.587,-0.0419921875,0.03271484375,0.986572265625,-0.701904296875,0.946044921875,0.1983642578125,-7.4969474969475,11.3953601953602,-28.4884004884005
2023-11-18 14:00:46.600,-0.04248046875,0.033447265625,0.983642578125,-0.6561279296875,0.9002685546875,0.213623046875,-7.4969474969475,11.3953601953602,-28.4884004884005
2023-11-18 14:00:46.613,-0.04150390625,0.034423828125,0.98046875,-0.6103515625,0.9613037109375,0.244140625,-7.4969474969475,11.3953601953602,-28.4884004884005
2023-11-18 14:00:46.627,-0.041259765625,0.033935546875,0.9853515625,-0.6103515625,0.9918212890625,0.30517578125,-7.4969474969475,11.3953601953602,-28.4884004884005
2023-11-18 14:00:46.640,-0.042236328125,0.032958984375,0.982421875,-0.640869140625,0.9002685546875,0.244140625,-7.4969474969475,11.3953601953602,-28.4884004884005
2023-11-18 14:00:46.653,-0.04248046875,0.033447265625,0.983154296875,-0.762939453125,1.0986328125,0.244140625,-7.4969474969475,11.3953601953602,-28.4884004884005
2023-11-18 14:00:46.667,-0.041748046875,0.03515625,0.9833984375,-0.701904296875,0.8697509765625,0.213623046875,-7.4969474969475,11.3953601953602,-28.4884004884005
2023-11-18 14:00:46.680,-0.042724609375,0.033203125,0.9833984375,-0.7476806640625,0.91552734375,0.18310546875,-7.4969474969475,11.3953601953602,-28.4884004884005
2023-11-18 14:00:46.693,-0.041748046875,0.03369140625,0.980224609375,-0.640869140625,0.946044921875,0.274658203125,-7.4969474969475,12.2949938949939,-30.2876678876679
2023-11-18 14:00:46.707,-0.0419921875,0.034912109375,0.983642578125,-0.701904296875,1.03759765625,0.2593994140625,-7.4969474969475,12.2949938949939,-30.2876678876679
2023-11-18 14:00:46.720,-0.043212890625,0.031982421875,0.986572265625,-0.6561279296875,0.946044921875,0.1983642578125,-7.4969474969475,12.2949938949939,-30.2876678876679
2023-11-18 14:00:46.733,-0.042724609375,0.03271484375,0.98486328125,-0.6866455078125,0.9307861328125,0.2593994140625,-7.4969474969475,12.2949938949939,-30.2876678876679
2023-11-18 14:00:46.747,-0.042236328125,0.035888671875,0.983154296875,-0.6561279296875,0.9918212890625,0.244140625,-7.4969474969475,12.2949938949939,-30.2876678876679
2023-11-18 14:00:46.760,-0.041748046875,0.03369140625,0.983642578125,-0.7781982421875,1.0986328125,0.2593994140625,-7.4969474969475,12.2949938949939,-30.2876678876679
2023-11-18 14:00:46.773,-0.043701171875,0.032470703125,0.984130859375,-0.640869140625,0.885009765625,0.30517578125,-7.4969474969475,12.2949938949939,-30.2876678876679
2023-11-18 14:00:46.787,-0.04345703125,0.0322265625,0.979248046875,-0.6866455078125,0.8697509765625,0.1983642578125,-7.4969474969475,12.2949938949939,-30.2876678876679
2023-11-18 14:00:46.800,-0.045166015625,0.032958984375,0.98046875,-0.6256103515625,1.007080078125,0.244140625,-7.4969474969475,12.2949938949939,-30.2876678876679
2023-11-18 14:00:46.813,-0.042236328125,0.0341796875,0.982177734375,-0.67138671875,1.007080078125,0.274658203125,-7.4969474969475,12.2949938949939,-30.2876678876679
2023-11-18 14:00:46.827,-0.041015625,0.03515625,0.982666015625,-0.7171630859375,1.007080078125,0.1678466796875,-7.4969474969475,11.0954822954823,-29.98778998779
2023-11-18 14:00:46.840,-0.042236328125,0.033935546875,0.983154296875,-0.7171630859375,1.0528564453125,0.1983642578125,-7.4969474969475,11.0954822954823,-29.98778998779
2023-11-18 14:00:46.853,-0.04248046875,0.031494140625,0.982421875,-0.640869140625,0.9918212890625,0.213623046875,-7.4969474969475,11.0954822954823,-29.98778998779
2023-11-18 14:00:46.867,-0.039794921875,0.032958984375,0.98193359375,-0.640869140625,1.007080078125,0.244140625,-7.4969474969475,11.0954822954823,-29.98778998779
2023-11-18 14:00:46.880,-0.040283203125,0.0322265625,0.981689453125,-0.54931640625,1.0223388671875,0.2899169921875,-7.4969474969475,11.0954822954823,-29.98778998779
2023-11-18 14:00:46.893,-0.045166015625,0.03369140625,0.983642578125,-0.640869140625,0.9918212890625,0.274658203125,-7.4969474969475,11.0954822954823,-29.98778998779
2023-11-18 14:00:46.907,-0.046630859375,0.035400390625,0.982421875,-0.6866455078125,1.007080078125,0.2288818359375,-7.4969474969475,11.0954822954823,-29.98778998779
2023-11-18 14:00:46.920,-0.04443359375,0.032470703125,0.983642578125,-0.701904296875,0.91552734375,0.1983642578125,-7.4969474969475,11.0954822954823,-29.98778998779
2023-11-18 14:00:46.933,-0.0419921875,0.033447265625,0.983154296875,-0.7476806640625,0.9765625,0.30517578125,-7.4969474969475,11.0954822954823,-29.98778998779
2023-11-18 14:00:46.947,-0.041259765625,0.03369140625,0.987060546875,-0.67138671875,0.9002685546875,0.30517578125,-7.7968253968254,11.0954822954823,-28.1885225885226
2023-11-18 14:00:46.960,-0.0419921875,0.033447265625,0.985595703125,-0.6561279296875,1.03759765625,0.213623046875,-7.7968253968254,11.0954822954823,-28.1885225885226
2023-11-18 14:00:46.973,-0.041259765625,0.03369140625,0.986328125,-0.701904296875,0.9307861328125,0.2288818359375,-7.7968253968254,11.0954822954823,-28.1885225885226
2023-11-18 14:00:46.987,-0.043701171875,0.0341796875,0.983642578125,-0.6561279296875,0.91552734375,0.2288818359375,-7.7968253968254,11.0954822954823,-28.1885225885226
2023-11-18 14:00:47.000,-0.041259765625,0.032958984375,0.984619140625,-0.732421875,0.946044921875,0.244140625,-7.7968253968254,11.0954822954823,-28.1885225885226
2023-11-18 14:00:47.013,-0.041015625,0.03369140625,0.986328125,-0.7171630859375,0.9765625,0.152587890625,-7.7968253968254,11.0954822954823,-28.1885225885226
2023-11-18 14:00:47.027,-0.04443359375,0.032958984375,0.985107421875,-0.7476806640625,0.9918212890625,0.2593994140625,-7.7968253968254,11.0954822954823,-28.1885225885226
2023-11-18 14:00:47.040,-0.04345703125,0.03369140625,0.9833984375,-0.640869140625,1.0223388671875,0.1983642578125,-7.7968253968254,11.0954822954823,-28.1885225885226
2023-11-18 14:00:47.053,-0.04248046875,0.031494140625,0.97802734375,-0.6561279296875,0.91552734375,0.30517578125,-7.7968253968254,11.0954822954823,-28.1885225885226
2023-11-18 14:00:47.067,-0.040283203125,0.033203125,0.98291015625,-0.6561279296875,0.9613037109375,0.2288818359375,-6.5973137973138,12.5948717948718,-29.0881562881563
2023-11-18 14:00:47.080,-0.0400390625,0.035400390625,0.98291015625,-0.732421875,0.91552734375,0.274658203125,-6.5973137973138,12.5948717948718,-29.0881562881563
2023-11-18 14:00:47.093,-0.042236328125,0.03515625,0.98486328125,-0.732421875,0.885009765625,0.2899169921875,-6.5973137973138,12.5948717948718,-29.0881562881563
2023-11-18 14:00:47.107,-0.04248046875,0.032470703125,0.98486328125,-0.640869140625,0.9307861328125,0.213623046875,-6.5973137973138,12.5948717948718,-29.0881562881563
2023-11-18 14:00:47.120,-0.0419921875,0.032958984375,0.98388671875,-0.6561279296875,0.9002685546875,0.244140625,-6.5973137973138,12.5948717948718,-29.0881562881563
2023-11-18 14:00:47.133,-0.0419921875,0.033935546875,0.98388671875,-0.6866455078125,0.8697509765625,0.2288818359375,-6.5973137973138,12.5948717948718,-29.0881562881563
2023-11-18 14:00:47.147,-0.0419921875,0.034423828125,0.983642578125,-0.6561279296875,0.946044921875,0.244140625,-6.5973137973138,12.5948717948718,-29.0881562881563
2023-11-18 14:00:47.160,-0.04345703125,0.03466796875,0.984619140625,-0.6561279296875,0.9918212890625,0.213623046875,-6.5973137973138,12.5948717948718,-29.0881562881563
2023-11-18 14:00:47.173,-0.04345703125,0.03173828125,0.982177734375,-0.67138671875,1.007080078125,0.213623046875,-6.5973137973138,12.5948717948718,-29.0881562881563
2023-11-18 14:00:47.187,-0.044189453125,0.0341796875,0.985107421875,-0.67138671875,1.0223388671875,0.18310546875,-7.4969474969475,11.995115995116,-28.4884004884005
2023-11-18 14:00:47.200,-0.04248046875,0.03271484375,0.988525390625,-0.701904296875,0.9002685546875,0.1983642578125,-7.4969474969475,11.995115995116,-28.4884004884005
2023-11-18 14:00:47.213,-0.041748046875,0.0322265625,0.980712890625,-0.67138671875,0.9765625,0.18310546875,-7.4969474969475,11.995115995116,-28.4884004884005
2023-11-18 14:00:47.227,-0.041748046875,0.032958984375,0.982177734375,-0.579833984375,0.9002685546875,0.3204345703125,-7.4969474969475,11.995115995116,-28.4884004884005
2023-11-18 14:00:47.240,-0.043701171875,0.03271484375,0.983642578125,-0.5950927734375,0.9613037109375,0.30517578125,-7.4969474969475,11.995115995116,-28.4884004884005
2023-11-18 14:00:47.253,-0.04296875,0.03369140625,0.984619140625,-0.54931640625,0.9918212890625,0.2593994140625,-7.4969474969475,11.995115995116,-28.4884004884005
2023-11-18 14:00:47.267,-0.044189453125,0.034912109375,0.98388671875,-0.6256103515625,0.9307861328125,0.274658203125,-7.4969474969475,11.995115995116,-28.4884004884005
2023-11-18 14:00:47.280,-0.042236328125,0.0341796875,0.98388671875,-0.701904296875,1.0833740234375,0.2593994140625,-7.4969474969475,11.995115995116,-28.4884004884005
2023-11-18 14:00:47.293,-0.040283203125,0.03564453125,0.983154296875,-0.7171630859375,1.0986328125,0.244140625,-7.4969474969475,11.995115995116,-28.4884004884005
2023-11-18 14:00:47.307,-0.0419921875,0.033203125,0.982177734375,-0.701904296875,0.9918212890625,0.1983642578125,-8.6964590964591,13.1946275946276,-29.3880341880342
2023-11-18 14:00:47.320,-0.0439453125,0.03369140625,0.98388671875,-0.5950927734375,0.9002685546875,0.2288818359375,-8.6964590964591,13.1946275946276,-29.3880341880342
2023-11-18 14:00:47.333,-0.042236328125,0.032470703125,0.982177734375,-0.6103515625,0.9765625,0.152587890625,-8.6964590964591,13.1946275946276,-29.3880341880342
2023-11-18 14:00:47.347,-0.0419921875,0.03369140625,0.984619140625,-0.732421875,1.0223388671875,0.244140625,-8.6964590964591,13.1946275946276,-29.3880341880342
2023-11-18 14:00:47.360,-0.04345703125,0.03369140625,0.982177734375,-0.6866455078125,0.9613037109375,0.1983642578125,-8.6964590964591,13.1946275946276,-29.3880341880342
2023-11-18 14:00:47.373,-0.04345703125,0.031982421875,0.982177734375,-0.67138671875,0.9918212890625,0.244140625,-8.6964590964591,13.1946275946276,-29.3880341880342
2023-11-18 14:00:47.387,-0.041259765625,0.033447265625,0.983154296875,-0.6561279296875,0.946044921875,0.274658203125,-8.6964590964591,13.1946275946276,-29.3880341880342
2023-11-18 14:00:47.400,-0.041259765625,0.032470703125,0.982666015625,-0.67138671875,0.9002685546875,0.3204345703125,-8.6964590964591,13.1946275946276,-29.3880341880342
2023-11-18 14:00:47.413,-0.04345703125,0.03466796875,0.98388671875,-0.6561279296875,1.0223388671875,0.213623046875,-8.6964590964591,13.1946275946276,-29.3880341880342
2023-11-18 14:00:47.427,-0.0439453125,0.03369140625,0.98583984375,-0.579833984375,0.9613037109375,0.244140625,-6.5973137973138,13.1946275946276,-29.0881562881563
2023-11-18 14:00:47.440,-0.04150390625,0.033935546875,0.983154296875,-0.6866455078125,1.0528564453125,0.213623046875,-6.5973137973138,13.1946275946276,-29.0881562881563
2023-11-18 14:00:47.453,-0.0419921875,0.033935546875,0.982177734375,-0.732421875,0.9307861328125,0.213623046875,-6.5973137973138,13.1946275946276,-29.0881562881563
2023-11-18 14:00:47.467,-0.042236328125,0.03369140625,0.985107421875,-0.6256103515625,0.9613037109375,0.18310546875,-6.5973137973138,13.1946275946276,-29.0881562881563
2023-11-18 14:00:47.480,-0.04248046875,0.033447265625,0.982421875,-0.6561279296875,0.9002685546875,0.213623046875,-6.5973137973138,13.1946275946276,-29.0881562881563
2023-11-18 14:00:47.493,-0.04150390625,0.0341796875,0.9794921875,-0.6103515625,0.885009765625,0.1983642578125,-6.5973137973138,13.1946275946276,-29.0881562881563
2023-11-18 14:00:47.507,-0.040771484375,0.031982421875,0.983154296875,-0.7171630859375,0.9765625,0.30517578125,-6.5973137973138,13.1946275946276,-29.0881562881563
2023-11-18 14:00:47.520,-0.043701171875,0.031982421875,0.982177734375,-0.6866455078125,1.0223388671875,0.30517578125,-6.5973137973138,13.1946275946276,-29.0881562881563
2023-11-18 14:00:47.533,-0.04296875,0.03466796875,0.984619140625,-0.54931640625,1.007080078125,0.2899169921875,-6.5973137973138,13.1946275946276,-29.0881562881563
2023-11-18 14:00:47.547,-0.04296875,0.033935546875,0.98583984375,-0.6256103515625,0.9765625,0.2288818359375,-6.5973137973138,13.1946275946276,-29.0881562881563
2023-11-18 14:00:47.560,-0.038818359375,0.034912109375,0.9853515625,-0.6561279296875,1.007080078125,0.1678466796875,-6.5973137973138,13.1946275946276,-29.0881562881563
2023-11-18 14:00:47.573,-0.041748046875,0.0322265625,0.986083984375,-0.640869140625,1.0223388671875,0.1373291015625,-6.5973137973138,13.1946275946276,-29.0881562881563
2023-11-18 14:00:47.587,-0.044677734375,0.033203125,0.980712890625,-0.6866455078125,1.1138916015625,0.274658203125,-6.5973137973138,13.1946275946276,-29.0881562881563
2023-11-18 14:00:47.600,-0.043212890625,0.035888671875,0.98095703125,-0.6256103515625,0.9918212890625,0.30517578125,-6.5973137973138,13.1946275946276,-29.0881562881563
2023-11-18 14:00:47.613,-0.04296875,0.03369140625,0.983154296875,-0.701904296875,1.03759765625,0.18310546875,-6.5973137973138,13.1946275946276,-29.0881562881563
2023-11-18 14:00:47.627,-0.04296875,0.032470703125,0.984130859375,-0.6561279296875,1.007080078125,0.2288818359375,-6.5973137973138,13.1946275946276,-29.0881562881563
2023-11-18 14:00:47.640,-0.042724609375,0.03271484375,0.981689453125,-0.67138671875,0.946044921875,0.2899169921875,-6.5973137973138,13.1946275946276,-29.0881562881563
2023-11-18 14:00:47.653,-0.042724609375,0.033203125,0.982177734375,-0.6256103515625,1.007080078125,0.30517578125,-6.5973137973138,13.1946275946276,-29.0881562881563
2023-11-18 14:00:47.667,-0.041748046875,0.03369140625,0.984130859375,-0.701904296875,0.9918212890625,0.3662109375,-6.5973137973138,13.1946275946276,-29.0881562881563
2023-11-18 14:00:47.680,-0.041748046875,0.0341796875,0.98681640625,-0.6256103515625,0.885009765625,0.18310546875,-6.8971916971917,12.5948717948718,-29.0881562881563
2023-11-18 14:00:47.693,-0.04248046875,0.0341796875,0.982421875,-0.6561279296875,0.9002685546875,0.1983642578125,-6.8971916971917,12.5948717948718,-29.0881562881563
2023-11-18 14:00:47.707,-0.04150390625,0.03271484375,0.98193359375,-0.67138671875,0.8697509765625,0.2899169921875,-6.8971916971917,12.5948717948718,-29.0881562881563
2023-11-18 14:00:47.720,-0.042724609375,0.033203125,0.984619140625,-0.5645751953125,0.9765625,0.274658203125,-6.8971916971917,12.5948717948718,-29.0881562881563
2023-11-18 14:00:47.733,-0.043212890625,0.03466796875,0.984619140625,-0.67138671875,0.9918212890625,0.244140625,-6.8971916971917,12.5948717948718,-29.0881562881563
2023-11-18 14:00:47.747,-0.041259765625,0.033447265625,0.982666015625,-0.6561279296875,0.9307861328125,0.213623046875,-6.8971916971917,12.5948717948718,-29.0881562881563
2023-11-18 14:00:47.760,-0.04296875,0.03369140625,0.979736328125,-0.701904296875,0.9765625,0.2288818359375,-6.8971916971917,12.5948717948718,-29.0881562881563
2023-11-18 14:00:47.773,-0.04150390625,0.034912109375,0.982177734375,-0.640869140625,1.007080078125,0.30517578125,-6.8971916971917,12.5948717948718,-29.0881562881563
2023-11-18 14:00:47.787,-0.044189453125,0.03271484375,0.982421875,-0.67138671875,0.946044921875,0.2593994140625,-6.8971916971917,12.5948717948718,-29.0881562881563
2023-11-18 14:00:47.800,-0.03955078125,0.03466796875,0.98486328125,-0.701904296875,0.9613037109375,0.18310546875,-6.74725274725275,12.4449328449328,-28.3384615384615
2023-11-18 14:00:47.813,-0.04345703125,0.03271484375,0.984130859375,-0.701904296875,1.03759765625,0.244140625,-6.74725274725275,12.4449328449328,-28.3384615384615
2023-11-18 14:00:47.827,-0.04248046875,0.034423828125,0.9853515625,-0.640869140625,0.885009765625,0.152587890625,-6.74725274725275,12.4449328449328,-28.3384615384615
2023-11-18 14:00:47.840,-0.04345703125,0.031494140625,0.9833984375,-0.640869140625,0.946044921875,0.18310546875,-6.74725274725275,12.4449328449328,-28.3384615384615
2023-11-18 14:00:47.853,-0.043701171875,0.03271484375,0.98193359375,-0.6866455078125,0.946044921875,0.2899169921875,-6.74725274725275,12.4449328449328,-28.3384615384615
2023-11-18 14:00:47.867,-0.041748046875,0.02978515625,0.982666015625,-0.701904296875,0.91552734375,0.2593994140625,-6.74725274725275,12.4449328449328,-28.3384615384615
2023-11-18 14:00:47.880,-0.04345703125,0.033935546875,0.98095703125,-0.701904296875,0.9613037109375,0.2593994140625,-6.74725274725275,12.4449328449328,-28.3384615384615
2023-11-18 14:00:47.893,-0.04052734375,0.03369140625,0.983154296875,-0.6561279296875,0.8544921875,0.213623046875,-6.74725274725275,12.4449328449328,-28.3384615384615
2023-11-18 14:00:47.907,-0.042724609375,0.0341796875,0.982666015625,-0.6866455078125,0.9307861328125,0.18310546875,-6.74725274725275,12.4449328449328,-28.3384615384615
2023-11-18 14:00:47.920,-0.043212890625,0.03564453125,0.985595703125,-0.762939453125,0.946044921875,0.244140625,-7.34700854700855,12.7448107448107,-28.9382173382173
2023-11-18 14:00:47.933,-0.04345703125,0.034423828125,0.98388671875,-0.6866455078125,0.9307861328125,0.152587890625,-7.34700854700855,12.7448107448107,-28.9382173382173
2023-11-18 14:00:47.947,-0.042236328125,0.034912109375,0.986083984375,-0.6866455078125,1.03759765625,0.1983642578125,-7.34700854700855,12.7448107448107,-28.9382173382173
2023-11-18 14:00:47.960,-0.04248046875,0.033203125,0.983154296875,-0.6561279296875,0.9918212890625,0.2288818359375,-7.34700854700855,12.7448107448107,-28.9382173382173
2023-11-18 14:00:47.973,-0.04150390625,0.033203125,0.982666015625,-0.5950927734375,0.9765625,0.18310546875,-7.34700854700855,12.7448107448107,-28.9382173382173
2023-11-18 14:00:47.987,-0.04296875,0.03125,0.98388671875,-0.6256103515625,0.9765625,0.244140625,-7.34700854700855,12.7448107448107,-28.9382173382173
2023-11-18 14:00:48.000,-0.04248046875,0.033935546875,0.9853515625,-0.6561279296875,0.9002685546875,0.244140625,-7.34700854700855,12.7448107448107,-28.9382173382173
2023-11-18 14:00:48.013,-0.044189453125,0.03369140625,0.98486328125,-0.7476806640625,1.068115234375,0.213623046875,-7.34700854700855,12.7448107448107,-28.9382173382173
2023-11-18 14:00:48.027,-0.041748046875,0.03515625,0.9853515625,-0.762939453125,0.9307861328125,0.2288818359375,-7.34700854700855,12.7448107448107,-28.9382173382173
2023-11-18 14:00:48.040,-0.0419921875,0.033935546875,0.984619140625,-0.6561279296875,0.9307861328125,0.2593994140625,-7.64688644688645,12.4449328449328,-29.5379731379731
2023-11-18 14:00:48.053,-0.04443359375,0.034912109375,0.982177734375,-0.6561279296875,0.9765625,0.2288818359375,-7.64688644688645,12.4449328449328,-29.5379731379731
2023-11-18 14:00:48.067,-0.043212890625,0.031982421875,0.98193359375,-0.6561279296875,0.9765625,0.1983642578125,-7.64688644688645,12.4449328449328,-29.5379731379731
2023-11-18 14:00:48.080,-0.042236328125,0.03466796875,0.9873046875,-0.67138671875,0.91552734375,0.2593994140625,-7.64688644688645,12.4449328449328,-29.5379731379731
2023-11-18 14:00:48.093,-0.042236328125,0.033935546875,0.981201171875,-0.640869140625,0.9613037109375,0.2288818359375,-7.64688644688645,12.4449328449328,-29.5379731379731
2023-11-18 14:00:48.107,-0.04443359375,0.03271484375,0.98388671875,-0.67138671875,1.007080078125,0.2899169921875,-7.64688644688645,12.4449328449328,-29.5379731379731
2023-11-18 14:00:48.120,-0.043701171875,0.034423828125,0.982177734375,-0.6561279296875,0.946044921875,0.152587890625,-7.64688644688645,12.4449328449328,-29.5379731379731
2023-11-18 14:00:48.133,-0.044921875,0.03369140625,0.98291015625,-0.7171630859375,0.946044921875,0.2288818359375,-7.64688644688645,12.4449328449328,-29.5379731379731
2023-11-18 14:00:48.147,-0.042236328125,0.03466796875,0.985107421875,-0.67138671875,0.885009765625,0.213623046875,-7.64688644688645,12.4449328449328,-29.5379731379731
2023-11-18 14:00:48.160,-0.041748046875,0.033447265625,0.98193359375,-0.6561279296875,0.9613037109375,0.2288818359375,-6.5973137973138,13.1946275946276,-29.3880341880342
2023-11-18 14:00:48.173,-0.043701171875,0.0341796875,0.984619140625,-0.6866455078125,0.9307861328125,0.3204345703125,-6.5973137973138,13.1946275946276,-29.3880341880342
2023-11-18 14:00:48.187,-0.042724609375,0.032958984375,0.984375,-0.7171630859375,0.946044921875,0.244140625,-6.5973137973138,13.1946275946276,-29.3880341880342
2023-11-18 14:00:48.200,-0.041748046875,0.031982421875,0.982666015625,-0.6866455078125,1.03759765625,0.213623046875,-6.5973137973138,13.1946275946276,-29.3880341880342
2023-11-18 14:00:48.213,-0.043212890625,0.032958984375,0.984375,-0.6866455078125,1.0223388671875,0.30517578125,-6.5973137973138,13.1946275946276,-29.3880341880342
2023-11-18 14:00:48.227,-0.042724609375,0.03466796875,0.984619140625,-0.7476806640625,0.9307861328125,0.274658203125,-6.5973137973138,13.1946275946276,-29.3880341880342
2023-11-18 14:00:48.240,-0.043212890625,0.03271484375,0.984619140625,-0.67138671875,0.9613037109375,0.274658203125,-6.5973137973138,13.1946275946276,-29.3880341880342
2023-11-18 14:00:48.253,-0.0439453125,0.03515625,0.97900390625,-0.7171630859375,0.885009765625,0.2288818359375,-6.5973137973138,13.1946275946276,-29.3880341880342
2023-11-18 14:00:48.267,-0.0439453125,0.0341796875,0.98583984375,-0.6866455078125,0.91552734375,0.2899169921875,-6.5973137973138,13.1946275946276,-29.3880341880342
2023-11-18 14:00:48.280,-0.0439453125,0.033447265625,0.986083984375,-0.762939453125,0.9918212890625,0.1373291015625,-6.5973137973138,12.2949938949939,-28.7882783882784
2023-11-18 14:00:48.293,-0.04150390625,0.031982421875,0.980712890625,-0.701904296875,1.03759765625,0.244140625,-6.5973137973138,12.2949938949939,-28.7882783882784
2023-11-18 14:00:48.307,-0.04248046875,0.03125,0.98095703125,-0.701904296875,0.9918212890625,0.1983642578125,-6.5973137973138,12.2949938949939,-28.7882783882784
2023-11-18 14:00:48.320,-0.043701171875,0.03515625,0.984130859375,-0.6866455078125,0.9307861328125,0.274658203125,-6.5973137973138,12.2949938949939,-28.7882783882784
2023-11-18 14:00:48.333,-0.041259765625,0.033447265625,0.98095703125,-0.6561279296875,0.9613037109375,0.2288818359375,-6.5973137973138,12.2949938949939,-28.7882783882784
2023-11-18 14:00:48.347,-0.041748046875,0.031982421875,0.984130859375,-0.640869140625,0.946044921875,0.30517578125,-6.5973137973138,12.2949938949939,-28.7882783882784
2023-11-18 14:00:48.360,-0.04248046875,0.0361328125,0.98388671875,-0.640869140625,0.9765625,0.213623046875,-6.5973137973138,12.2949938949939,-28.7882783882784
2023-11-18 14:00:48.373,-0.043701171875,0.0341796875,0.98681640625,-0.67138671875,1.007080078125,0.244140625,-6.5973137973138,12.2949938949939,-28.7882783882784
2023-11-18 14:00:48.387,-0.043701171875,0.03271484375,0.98388671875,-0.6866455078125,0.9307861328125,0.18310546875,-6.5973137973138,12.2949938949939,-28.7882783882784
2023-11-18 14:00:48.400,-0.042236328125,0.031982421875,0.98095703125,-0.7476806640625,1.03759765625,0.244140625,-6.5973137973138,12.2949938949939,-28.7882783882784
2023-11-18 14:00:48.413,-0.041748046875,0.03369140625,0.985595703125,-0.6256103515625,1.007080078125,0.2899169921875,-8.0967032967033,12.2949938949939,-28.7882783882784
2023-11-18 14:00:48.427,-0.04248046875,0.03369140625,0.9833984375,-0.6256103515625,0.9918212890625,0.274658203125,-8.0967032967033,12.2949938949939,-28.7882783882784
2023-11-18 14:00:48.440,-0.041748046875,0.033935546875,0.98046875,-0.640869140625,1.0223388671875,0.2288818359375,-8.0967032967033,12.2949938949939,-28.7882783882784
2023-11-18 14:00:48.453,-0.041015625,0.032470703125,0.981689453125,-0.579833984375,0.9765625,0.244140625,-8.0967032967033,12.2949938949939,-28.7882783882784
2023-11-18 14:00:48.467,-0.0419921875,0.033447265625,0.983642578125,-0.6256103515625,0.9765625,0.1983642578125,-8.0967032967033,12.2949938949939,-28.7882783882784
2023-11-18 14:00:48.480,-0.040283203125,0.034912109375,0.98486328125,-0.640869140625,0.9613037109375,0.1983642578125,-8.0967032967033,12.2949938949939,-28.7882783882784
2023-11-18 14:00:48.493,-0.0419921875,0.03369140625,0.982421875,-0.640869140625,0.946044921875,0.2593994140625,-8.0967032967033,12.2949938949939,-28.7882783882784
2023-11-18 14:00:48.507,-0.043701171875,0.034912109375,0.9833984375,-0.6561279296875,1.007080078125,0.1983642578125,-8.0967032967033,12.2949938949939,-28.7882783882784
2023-11-18 14:00:48.520,-0.04150390625,0.032958984375,0.986083984375,-0.6561279296875,1.0833740234375,0.2288818359375,-8.0967032967033,12.2949938949939,-28.7882783882784
2023-11-18 14:00:48.533,-0.043212890625,0.033447265625,0.985107421875,-0.6561279296875,1.068115234375,0.1678466796875,-7.64688644688645,12.1450549450549,-29.837851037851
2023-11-18 14:00:48.547,-0.041015625,0.034423828125,0.985107421875,-0.7171630859375,0.9918212890625,0.213623046875,-7.64688644688645,12.1450549450549,-29.837851037851
2023-11-18 14:00:48.560,-0.04296875,0.031494140625,0.985107421875,-0.6256103515625,0.9307861328125,0.244140625,-7.64688644688645,12.1450549450549,-29.837851037851
2023-11-18 14:00:48.573,-0.041748046875,0.033203125,0.981201171875,-0.6866455078125,1.03759765625,0.274658203125,-7.64688644688645,12.1450549450549,-29.837851037851
2023-11-18 14:00:48.587,-0.041748046875,0.03369140625,0.984130859375,-0.6866455078125,0.91552734375,0.274658203125,-7.64688644688645,12.1450549450549,-29.837851037851
2023-11-18 14:00:48.600,-0.04296875,0.034423828125,0.984375,-0.732421875,0.8392333984375,0.2899169921875,-7.64688644688645,12.1450549450549,-29.837851037851
2023-11-18 14:00:48.613,-0.04150390625,0.034423828125,0.981689453125,-0.640869140625,0.9613037109375,0.2593994140625,-7.64688644688645,12.1450549450549,-29.837851037851
2023-11-18 14:00:48.627,-0.042724609375,0.03466796875,0.986328125,-0.6561279296875,1.0223388671875,0.244140625,-7.64688644688645,12.1450549450549,-29.837851037851
2023-11-18 14:00:48.640,-0.03955078125,0.03515625,0.98388671875,-0.6561279296875,0.91552734375,0.2593994140625,-7.64688644688645,12.1450549450549,-29.837851037851
2023-11-18 14:00:48.653,-0.040283203125,0.031005859375,0.987060546875,-0.6256103515625,0.885009765625,0.2593994140625,-7.7968253968254,11.995115995116,-30.5875457875458
2023-11-18 14:00:48.667,-0.0400390625,0.031982421875,0.983154296875,-0.67138671875,1.0528564453125,0.2593994140625,-7.7968253968254,11.995115995116,-30.5875457875458
2023-11-18 14:00:48.680,-0.043701171875,0.03515625,0.98291015625,-0.579833984375,1.0528564453125,0.18310546875,-7.7968253968254,11.995115995116,-30.5875457875458
2023-11-18 14:00:48.693,-0.04345703125,0.035400390625,0.982666015625,-0.6866455078125,1.0223388671875,0.1983642578125,-7.7968253968254,11.995115995116,-30.5875457875458
2023-11-18 14:00:48.707,-0.0439453125,0.032470703125,0.98388671875,-0.732421875,0.9307861328125,0.152587890625,-7.7968253968254,11.995115995116,-30.5875457875458
2023-11-18 14:00:48.720,-0.041015625,0.03271484375,0.98193359375,-0.7171630859375,0.9613037109375,0.18310546875,-7.7968253968254,11.995115995116,-30.5875457875458
2023-11-18 14:00:48.733,-0.042724609375,0.03466796875,0.98193359375,-0.67138671875,0.9918212890625,0.213623046875,-7.7968253968254,11.995115995116,-30.5875457875458
2023-11-18 14:00:48.747,-0.04052734375,0.033203125,0.98095703125,-0.6866455078125,0.91552734375,0.2899169921875,-7.7968253968254,11.995115995116,-30.5875457875458
2023-11-18 14:00:48.760,-0.041259765625,0.03369140625,0.98193359375,-0.6866455078125,0.946044921875,0.213623046875,-7.7968253968254,11.995115995116,-30.5875457875458
2023-11-18 14:00:48.773,-0.043701171875,0.03271484375,0.98388671875,-0.640869140625,0.9613037109375,0.244140625,-7.94676434676435,12.4449328449328,-29.837851037851
2023-11-18 14:00:48.787,-0.04248046875,0.032470703125,0.9873046875,-0.6561279296875,0.9307861328125,0.30517578125,-7.94676434676435,12.4449328449328,-29.837851037851
2023-11-18 14:00:48.800,-0.0419921875,0.031982421875,0.984130859375,-0.5950927734375,0.9307861328125,0.2593994140625,-7.94676434676435,12.4449328449328,-29.837851037851
2023-11-18 14:00:48.813,-0.041259765625,0.031982421875,0.984619140625,-0.732421875,1.0223388671875,0.2899169921875,-7.94676434676435,12.4449328449328,-29.837851037851
2023-11-18 14:00:48.827,-0.040771484375,0.033203125,0.982666015625,-0.6561279296875,1.007080078125,0.213623046875,-7.94676434676435,12.4449328449328,-29.837851037851
2023-11-18 14:00:48.840,-0.0419921875,0.0341796875,0.9833984375,-0.7171630859375,0.9613037109375,0.1983642578125,-7.94676434676435,12.4449328449328,-29.837851037851
2023-11-18 14:00:48.853,-0.041015625,0.03271484375,0.984375,-0.6866455078125,0.8697509765625,0.213623046875,-7.94676434676435,12.4449328449328,-29.837851037851
2023-11-18 14:00:48.867,-0.04248046875,0.033447265625,0.98095703125,-0.6561279296875,1.0223388671875,0.2899169921875,-7.94676434676435,12.4449328449328,-29.837851037851
2023-11-18 14:00:48.880,-0.04150390625,0.0341796875,0.98583984375,-0.732421875,0.9613037109375,0.2288818359375,-7.94676434676435,12.4449328449328,-29.837851037851
2023-11-18 14:00:48.893,-0.044677734375,0.032958984375,0.985595703125,-0.732421875,0.9918212890625,0.18310546875,-7.64688644688645,11.2454212454212,-28.3384615384615
2023-11-18 14:00:48.907,-0.042236328125,0.035888671875,0.983642578125,-0.579833984375,0.91552734375,0.1983642578125,-7.64688644688645,11.2454212454212,-28.3384615384615
2023-11-18 14:00:48.920,-0.044189453125,0.033203125,0.985595703125,-0.67138671875,0.9613037109375,0.274658203125,-7.64688644688645,11.2454212454212,-28.3384615384615
2023-11-18 14:00:48.933,-0.04052734375,0.03369140625,0.98974609375,-0.732421875,0.9002685546875,0.244140625,-7.64688644688645,11.2454212454212,-28.3384615384615
2023-11-18 14:00:48.947,-0.041259765625,0.032958984375,0.982421875,-0.6103515625,0.9765625,0.1678466796875,-7.64688644688645,11.2454212454212,-28.3384615384615
2023-11-18 14:00:48.960,-0.044921875,0.034423828125,0.984375,-0.5950927734375,0.9765625,0.2899169921875,-7.64688644688645,11.2454212454212,-28.3384615384615
2023-11-18 14:00:48.973,-0.043212890625,0.033203125,0.984130859375,-0.67138671875,0.9307861328125,0.335693359375,-7.64688644688645,11.2454212454212,-28.3384615384615
2023-11-18 14:00:48.987,-0.04296875,0.03369140625,0.982177734375,-0.7171630859375,0.946044921875,0.335693359375,-7.64688644688645,11.2454212454212,-28.3384615384615
2023-11-18 14:00:49.000,-0.04150390625,0.031982421875,0.98291015625,-0.6866455078125,0.91552734375,0.244140625,-7.64688644688645,11.2454212454212,-28.3384615384615
2023-11-18 14:00:49.013,-0.040771484375,0.032470703125,0.98388671875,-0.6866455078125,1.0223388671875,0.213623046875,-7.1970695970696,13.1946275946276,-29.3880341880342
2023-11-18 14:00:49.027,-0.042236328125,0.034423828125,0.985107421875,-0.67138671875,1.007080078125,0.274658203125,-7.1970695970696,13.1946275946276,-29.3880341880342
2023-11-18 14:00:49.040,-0.04296875,0.03271484375,0.9833984375,-0.6866455078125,1.03759765625,0.30517578125,-7.1970695970696,13.1946275946276,-29.3880341880342
2023-11-18 14:00:49.053,-0.042724609375,0.032958984375,0.9794921875,-0.701904296875,0.946044921875,0.1678466796875,-7.1970695970696,13.1946275946276,-29.3880341880342
2023-11-18 14:00:49.067,-0.04150390625,0.033203125,0.98046875,-0.6866455078125,0.9613037109375,0.2899169921875,-7.1970695970696,13.1946275946276,-29.3880341880342
2023-11-18 14:00:49.080,-0.0390625,0.032958984375,0.98291015625,-0.5950927734375,0.9765625,0.2593994140625,-7.1970695970696,13.1946275946276,-29.3880341880342
2023-11-18 14:00:49.093,-0.04345703125,0.03369140625,0.982177734375,-0.640869140625,1.03759765625,0.1678466796875,-7.1970695970696,13.1946275946276,-29.3880341880342
2023-11-18 14:00:49.107,-0.044189453125,0.03271484375,0.98486328125,-0.7171630859375,1.0833740234375,0.18310546875,-7.1970695970696,13.1946275946276,-29.3880341880342
2023-11-18 14:00:49.120,-0.041748046875,0.03564453125,0.981689453125,-0.7171630859375,0.8544921875,0.2593994140625,-7.1970695970696,13.1946275946276,-29.3880341880342
2023-11-18 14:00:49.133,-0.040283203125,0.033203125,0.982666015625,-0.701904296875,0.9613037109375,0.2593994140625,-7.7968253968254,11.6952380952381,-29.6879120879121
2023-11-18 14:00:49.147,-0.0390625,0.031494140625,0.982421875,-0.640869140625,0.946044921875,0.2288818359375,-7.7968253968254,11.6952380952381,-29.6879120879121
2023-11-18 14:00:49.160,-0.041259765625,0.033203125,0.986083984375,-0.6866455078125,0.946044921875,0.244140625,-7.7968253968254,11.6952380952381,-29.6879120879121
2023-11-18 14:00:49.173,-0.046142578125,0.03466796875,0.98486328125,-0.6103515625,0.8697509765625,0.274658203125,-7.7968253968254,11.6952380952381,-29.6879120879121
2023-11-18 14:00:49.187,-0.043212890625,0.034423828125,0.98095703125,-0.640869140625,0.9918212890625,0.2288818359375,-7.7968253968254,11.6952380952381,-29.6879120879121
2023-11-18 14:00:49.200,-0.03857421875,0.034423828125,0.985107421875,-0.6561279296875,0.8544921875,0.244140625,-7.7968253968254,11.6952380952381,-29.6879120879121
2023-11-18 14:00:49.213,-0.04150390625,0.035888671875,0.986083984375,-0.7171630859375,0.9918212890625,0.244140625,-7.7968253968254,11.6952380952381,-29.6879120879121
2023-11-18 14:00:49.227,-0.043212890625,0.03515625,0.981689453125,-0.5645751953125,0.9918212890625,0.244140625,-7.7968253968254,11.6952380952381,-29.6879120879121
2023-11-18 14:00:49.240,-0.045166015625,0.03369140625,0.9873046875,-0.67138671875,0.946044921875,0.1983642578125,-7.7968253968254,11.6952380952381,-29.6879120879121
2023-11-18 14:00:49.253,-0.040771484375,0.034423828125,0.982666015625,-0.7476806640625,0.946044921875,0.2593994140625,-7.7968253968254,11.6952380952381,-29.6879120879121
2023-11-18 14:00:49.267,-0.0390625,0.033935546875,0.9794921875,-0.640869140625,0.946044921875,0.1983642578125,-8.0967032967033,11.6952380952381,-28.7882783882784
2023-11-18 14:00:49.280,-0.04150390625,0.031982421875,0.984375,-0.7171630859375,1.1138916015625,0.1678466796875,-8.0967032967033,11.6952380952381,-28.7882783882784
2023-11-18 14:00:49.293,-0.0419921875,0.0322265625,0.98388671875,-0.640869140625,0.9613037109375,0.2593994140625,-8.0967032967033,11.6952380952381,-28.7882783882784
2023-11-18 14:00:49.307,-0.044677734375,0.032958984375,0.982666015625,-0.6866455078125,0.823974609375,0.2899169921875,-8.0967032967033,11.6952380952381,-28.7882783882784
2023-11-18 14:00:49.320,-0.04296875,0.03271484375,0.9814453125,-0.640869140625,0.9002685546875,0.335693359375,-8.0967032967033,11.6952380952381,-28.7882783882784
2023-11-18 14:00:49.333,-0.041748046875,0.03271484375,0.981201171875,-0.6561279296875,0.9002685546875,0.244140625,-8.0967032967033,11.6952380952381,-28.7882783882784
2023-11-18 14:00:49.347,-0.041259765625,0.03466796875,0.984130859375,-0.54931640625,1.03759765625,0.244140625,-8.0967032967033,11.6952380952381,-28.7882783882784
2023-11-18 14:00:49.360,-0.0439453125,0.0322265625,0.98046875,-0.67138671875,0.9613037109375,0.2593994140625,-8.0967032967033,11.6952380952381,-28.7882783882784
2023-11-18 14:00:49.373,-0.0419921875,0.033203125,0.98095703125,-0.6561279296875,0.9765625,0.1373291015625,-8.0967032967033,11.6952380952381,-28.7882783882784
2023-11-18 14:00:49.387,-0.042724609375,0.032958984375,0.98388671875,-0.640869140625,0.9765625,0.2288818359375,-8.0967032967033,12.5948717948718,-27.8886446886447
2023-11-18 14:00:49.400,-0.04150390625,0.0341796875,0.986328125,-0.6561279296875,0.9918212890625,0.213623046875,-8.0967032967033,12.5948717948718,-27.8886446886447
2023-11-18 14:00:49.413,-0.045166015625,0.03271484375,0.985595703125,-0.701904296875,0.9307861328125,0.274658203125,-8.0967032967033,12.5948717948718,-27.8886446886447
2023-11-18 14:00:49.427,-0.042236328125,0.03173828125,0.9814453125,-0.701904296875,0.9765625,0.213623046875,-8.0967032967033,12.5948717948718,-27.8886446886447
2023-11-18 14:00:49.440,-0.043212890625,0.03271484375,0.98193359375,-0.67138671875,0.9613037109375,0.2593994140625,-8.0967032967033,12.5948717948718,-27.8886446886447
2023-11-18 14:00:49.453,-0.040771484375,0.033203125,0.985595703125,-0.6866455078125,0.8697509765625,0.274658203125,-8.0967032967033,12.5948717948718,-27.8886446886447
2023-11-18 14:00:49.467,-0.043701171875,0.030029296875,0.98095703125,-0.7171630859375,1.03759765625,0.30517578125,-8.0967032967033,12.5948717948718,-27.8886446886447
2023-11-18 14:00:49.480,-0.041015625,0.03564453125,0.983154296875,-0.640869140625,0.9765625,0.2593994140625,-8.0967032967033,12.5948717948718,-27.8886446886447
2023-11-18 14:00:49.493,-0.042724609375,0.0341796875,0.98291015625,-0.640869140625,1.03759765625,0.335693359375,-8.0967032967033,12.5948717948718,-27.8886446886447
2023-11-18 14:00:49.507,-0.04296875,0.034423828125,0.982666015625,-0.701904296875,1.0223388671875,0.244140625,-7.04713064713065,11.5452991452991,-29.837851037851
2023-11-18 14:00:49.520,-0.041748046875,0.033447265625,0.986083984375,-0.6103515625,1.007080078125,0.244140625,-7.04713064713065,11.5452991452991,-29.837851037851
2023-11-18 14:00:49.533,-0.04248046875,0.0341796875,0.9873046875,-0.640869140625,1.007080078125,0.152587890625,-7.04713064713065,11.5452991452991,-29.837851037851
2023-11-18 14:00:49.547,-0.041015625,0.033203125,0.98876953125,-0.7476806640625,0.9765625,0.213623046875,-7.04713064713065,11.5452991452991,-29.837851037851
2023-11-18 14:00:49.560,-0.041015625,0.03369140625,0.9833984375,-0.7171630859375,1.068115234375,0.244140625,-7.04713064713065,11.5452991452991,-29.837851037851
2023-11-18 14:00:49.573,-0.04248046875,0.0302734375,0.983642578125,-0.7171630859375,0.9918212890625,0.2593994140625,-7.04713064713065,11.5452991452991,-29.837851037851
2023-11-18 14:00:49.587,-0.04150390625,0.03271484375,0.9814453125,-0.640869140625,1.0528564453125,0.274658203125,-7.04713064713065,11.5452991452991,-29.837851037851
2023-11-18 14:00:49.600,-0.042236328125,0.032958984375,0.984375,-0.701904296875,1.03759765625,0.2288818359375,-7.04713064713065,11.5452991452991,-29.837851037851
2023-11-18 14:00:49.613,-0.043212890625,0.03369140625,0.98291015625,-0.6256103515625,0.946044921875,0.244140625,-7.04713064713065,11.5452991452991,-29.837851037851
2023-11-18 14:00:49.627,-0.0439453125,0.032958984375,0.984375,-0.6561279296875,0.9613037109375,0.2899169921875,-7.34700854700855,12.7448107448107,-28.9382173382173
2023-11-18 14:00:49.640,-0.041259765625,0.032470703125,0.988037109375,-0.6561279296875,0.885009765625,0.244140625,-7.34700854700855,12.7448107448107,-28.9382173382173
2023-11-18 14:00:49.653,-0.043212890625,0.03515625,0.984619140625,-0.6561279296875,1.0223388671875,0.274658203125,-7.34700854700855,12.7448107448107,-28.9382173382173
2023-11-18 14:00:49.667,-0.040283203125,0.03369140625,0.982177734375,-0.640869140625,0.9918212890625,0.213623046875,-7.34700854700855,12.7448107448107,-28.9382173382173
2023-11-18 14:00:49.680,-0.042236328125,0.03466796875,0.982666015625,-0.701904296875,0.9613037109375,0.1983642578125,-7.34700854700855,12.7448107448107,-28.9382173382173
2023-11-18 14:00:49.693,-0.0419921875,0.035400390625,0.98291015625,-0.6866455078125,0.91552734375,0.2288818359375,-7.34700854700855,12.7448107448107,-28.9382173382173
2023-11-18 14:00:49.707,-0.042236328125,0.032958984375,0.98291015625,-0.7476806640625,0.9307861328125,0.244140625,-7.34700854700855,12.7448107448107,-28.9382173382173
2023-11-18 14:00:49.720,-0.04248046875,0.029541015625,0.9833984375,-0.7171630859375,1.068115234375,0.3662109375,-7.34700854700855,12.7448107448107,-28.9382173382173
2023-11-18 14:00:49.733,-0.042724609375,0.032958984375,0.98046875,-0.67138671875,0.9307861328125,0.2288818359375,-7.34700854700855,12.7448107448107,-28.9382173382173
2023-11-18 14:00:49.747,-0.044921875,0.03271484375,0.981689453125,-0.6256103515625,0.8697509765625,0.2593994140625,-6.5973137973138,12.5948717948718,-28.7882783882784
2023-11-18 14:00:49.760,-0.0439453125,0.032470703125,0.984130859375,-0.732421875,0.9002685546875,0.244140625,-6.5973137973138,12.5948717948718,-28.7882783882784
2023-11-18 14:00:49.773,-0.044677734375,0.03515625,0.98388671875,-0.6561279296875,0.9002685546875,0.3509521484375,-6.5973137973138,12.5948717948718,-28.7882783882784
2023-11-18 14:00:49.787,-0.04296875,0.0361328125,0.98388671875,-0.6103515625,0.9307861328125,0.2899169921875,-6.5973137973138,12.5948717948718,-28.7882783882784
2023-11-18 14:00:49.800,-0.04052734375,0.035888671875,0.982177734375,-0.6561279296875,0.9918212890625,0.2288818359375,-6.5973137973138,12.5948717948718,-28.7882783882784
2023-11-18 14:00:49.813,-0.040283203125,0.034423828125,0.98388671875,-0.6866455078125,1.03759765625,0.244140625,-6.5973137973138,12.5948717948718,-28.7882783882784
2023-11-18 14:00:49.827,-0.041748046875,0.03369140625,0.9833984375,-0.6561279296875,1.007080078125,0.213623046875,-6.5973137973138,12.5948717948718,-28.7882783882784
2023-11-18 14:00:49.840,-0.04248046875,0.03076171875,0.982666015625,-0.732421875,0.9918212890625,0.213623046875,-6.5973137973138,12.5948717948718,-28.7882783882784
2023-11-18 14:00:49.853,-0.0419921875,0.0341796875,0.984130859375,-0.67138671875,1.068115234375,0.1373291015625,-6.5973137973138,12.5948717948718,-28.7882783882784
2023-11-18 14:00:49.867,-0.044189453125,0.034912109375,0.985107421875,-0.6866455078125,1.0833740234375,0.2288818359375,-7.1970695970696,11.3953601953602,-29.6879120879121
2023-11-18 14:00:49.880,-0.04296875,0.034423828125,0.985107421875,-0.67138671875,0.9918212890625,0.18310546875,-7.1970695970696,11.3953601953602,-29.6879120879121
2023-11-18 14:00:49.893,-0.04345703125,0.03271484375,0.981689453125,-0.6866455078125,0.9918212890625,0.1373291015625,-7.1970695970696,11.3953601953602,-29.6879120879121
2023-11-18 14:00:49.907,-0.041748046875,0.03271484375,0.98095703125,-0.8087158203125,0.9613037109375,0.244140625,-7.1970695970696,11.3953601953602,-29.6879120879121
2023-11-18 14:00:49.920,-0.041259765625,0.033447265625,0.98486328125,-0.7171630859375,0.91552734375,0.3662109375,-7.1970695970696,11.3953601953602,-29.6879120879121
2023-11-18 14:00:49.933,-0.041748046875,0.031494140625,0.9853515625,-0.579833984375,0.885009765625,0.335693359375,-7.1970695970696,11.3953601953602,-29.6879120879121
2023-11-18 14:00:49.947,-0.042724609375,0.03515625,0.986083984375,-0.640869140625,1.0986328125,0.274658203125,-7.1970695970696,11.3953601953602,-29.6879120879121
2023-11-18 14:00:49.960,-0.042236328125,0.034912109375,0.986083984375,-0.67138671875,0.9307861328125,0.30517578125,-7.1970695970696,11.3953601953602,-29.6879120879121
2023-11-18 14:00:49.973,-0.043212890625,0.032958984375,0.982421875,-0.6866455078125,1.007080078125,0.244140625,-7.1970695970696,11.3953601953602,-29.6879120879121
2023-11-18 14:00:49.987,-0.041748046875,0.031982421875,0.98486328125,-0.6866455078125,0.91552734375,0.18310546875,-7.1970695970696,11.3953601953602,-29.6879120879121
2023-11-18 14:00:50.000,-0.044189453125,0.035888671875,0.987548828125,-0.7171630859375,0.9918212890625,0.2288818359375,-7.1970695970696,11.3953601953602,-29.6879120879121
